months,revenue,pre_revenue,revenue_growth
1,1272.10,NULL,NULL
2,2753.00,1272.10,0.537922
3,4184.30,2753.00,0.342064
4,5785.10,4184.30,0.276711
5,7097.20,5785.10,0.184876
6,8548.80,7097.20,0.169802
7,10180.00,8548.80,0.160236
8,11950.60,10180.00,0.148160
9,13114.10,11950.60,0.088721
10,15312.70,13114.10,0.143580
11,13610.00,15312.70,-0.125107
12,14712.90,13610.00,0.074961
